ET	Runoff	Baseflow	CROP_SOIL_MOIST	EVAP_SOIL	date	cell
419.733	21.943	3.0531	123612.142	136.5075	1/1/1981	476811793_CCF
390.4526	20.3654	3.1835	114822.6684	99.3979	1/1/1982	476811793_CCF
414.5935	32.2089	3.5785	125913.3178	141.7899	1/1/1983	476811793_CCF
428.2462	25.0634	28.5104	123833.421	128.3208	1/1/1984	476811793_CCF
325.277	11.2333	8.204	101431.0954	76.4928	1/1/1985	476811793_CCF
377.7261	18.2971	3.7079	110413.9793	101.5187	1/1/1986	476811793_CCF
363.6441	14.5793	3.5626	101056.1726	113.2966	1/1/1987	476811793_CCF
391.3696	13.3009	3.3435	102357.0971	103.6793	1/1/1988	476811793_CCF
408.6172	13.6178	3.0682	99043.5323	111.9722	1/1/1989	476811793_CCF
401.4524	14.1814	2.7405	104049.1371	109.9622	1/1/1990	476811793_CCF
419.8311	16.3547	2.5393	109585.4372	138.461	1/1/1991	476811793_CCF
358.2954	11.0435	2.3068	96709.2489	119.4709	1/1/1992	476811793_CCF
411.8348	15.3109	2.0648	102484.1575	117.8544	1/1/1993	476811793_CCF
381.2401	12.7836	1.7802	97099.3311	111.4639	1/1/1994	476811793_CCF
395.7643	26.4871	1.584	122271.7266	117.8338	1/1/1995	476811793_CCF
425.602	26.9162	1.87	127464.861	117.6673	1/1/1996	476811793_CCF
423.8464	33.2114	2.5745	129756.4964	118.0637	1/1/1997	476811793_CCF
422.099	23.0687	2.7657	111948.0133	107.5515	1/1/1998	476811793_CCF
393.4614	17.5828	2.8064	116007.174	97.6509	1/1/1999	476811793_CCF
430.9134	17.344	2.8548	106567.6151	124.6484	1/1/2000	476811793_CCF
352.5665	10.3817	2.6383	90885.9639	104.078	1/1/2001	476811793_CCF
363.0131	12.03	2.2723	98229.073	93.1594	1/1/2002	476811793_CCF
364.5682	16.6156	2.117	110447.2054	85.6119	1/1/2003	476811793_CCF
373.6685	13.6194	1.9337	93883.1121	116.5128	1/1/2004	476811793_CCF
403.6069	16.6729	1.6151	101068.0602	139.9792	1/1/2005	476811793_CCF
396.8446	24.3875	1.584	123303.2862	101.2993	1/1/2006	476811793_CCF
379.7154	13.3277	1.6535	105131.4987	99.4378	1/1/2007	476811793_CCF
368.6051	9.5092	1.4923	94420.4258	75.8904	1/1/2008	476811793_CCF
384.1153	14.1432	0.7135	98528.2557	101.8612	1/1/2009	476811793_CCF
394.7763	18.4277	0	107369.0106	118.8133	1/1/2010	476811793_CCF
405.068	64.6451	121.9583	114259.1738	144.641	1/1/1981	461011843_CCF
396.0477	59.8448	8.76	108968.0011	112.7912	1/1/1982	461011843_CCF
382.956	72.1419	38.0189	113965.1892	134.1096	1/1/1983	461011843_CCF
419.4257	69.2385	23.3668	116155.4445	126.5248	1/1/1984	461011843_CCF
343.2188	32.1262	8.76	96067.9403	94.4969	1/1/1985	461011843_CCF
376.2758	49.5206	3.593	97867.2274	119.0943	1/1/1986	461011843_CCF
366.241	24.8916	1.2873	80268.282	118.5523	1/1/1987	461011843_CCF
318.4907	22.8578	0.0289	65781.0011	149.9314	1/1/1988	461011843_CCF
331.5995	26.8011	0.0301	69610.2649	122.7655	1/1/1989	461011843_CCF
289.4008	28.6261	0.0297	75972.2815	123.5411	1/1/1990	461011843_CCF
412.0597	38.7066	0.0345	84728.2018	139.2266	1/1/1991	461011843_CCF
298.7782	34.185	0.0321	90769.5991	108.8522	1/1/1992	461011843_CCF
430.6061	45.0077	0.0365	102458.594	137.4591	1/1/1993	461011843_CCF
318.9201	38.3047	0.0341	84133.3812	112.1461	1/1/1994	461011843_CCF
391.0356	70.6708	0.0401	111917.1737	135.5958	1/1/1995	461011843_CCF
420.2536	84.3359	50.4429	116566.2643	116.1265	1/1/1996	461011843_CCF
367.4525	58.4582	79.8542	111864.9127	118.6671	1/1/1997	461011843_CCF
372.3697	41.9784	8.76	91499.9349	122.5747	1/1/1998	461011843_CCF
343.4994	27.4704	3.1027	77232.9283	94.0117	1/1/1999	461011843_CCF
351.8074	36.0884	0.0316	79671.4088	123.2059	1/1/2000	461011843_CCF
332.4703	33.3519	0.0326	84946.1732	134.0125	1/1/2001	461011843_CCF
331.8063	27.3992	0.0325	77999.9977	123.5086	1/1/2002	461011843_CCF
346.62	35.8998	0.0281	77245.0782	89.1859	1/1/2003	461011843_CCF
354.4164	38.7491	0.0326	87125.105	123.566	1/1/2004	461011843_CCF
346.2756	22.4453	0.0307	74459.3004	128.4894	1/1/2005	461011843_CCF
354.4446	43.9506	0.0335	82755.6217	107.4837	1/1/2006	461011843_CCF
353.4851	33.0381	0.0332	86110.8321	116.7514	1/1/2007	461011843_CCF
305.7938	28.2823	0.0298	77751.2668	113.9211	1/1/2008	461011843_CCF
362.788	48.748	0.0379	100278.1431	106.7674	1/1/2009	461011843_CCF
368.9451	44.6286	0.0735	89318.9772	136.2827	1/1/2010	461011843_CCF
345.1445	60.716	189.8223	103722.0699	88.6213	1/1/1981	455612106_CCF
347.2804	64.7228	99.2252	106445.5172	79.2314	1/1/1982	455612106_CCF
340.6509	80.7381	127.1443	112877.2497	80.9627	1/1/1983	455612106_CCF
375.417	65.8722	32.8217	105961.1478	103.1495	1/1/1984	455612106_CCF
316.6838	23.114	4.0527	90223.3062	71.2294	1/1/1985	455612106_CCF
327.6538	54.397	7.3664	97732.7215	60.4129	1/1/1986	455612106_CCF
310.36	38.9972	3.8983	83634.7429	65.0986	1/1/1987	455612106_CCF
340.7503	32.4505	0.0673	85009.2496	114.5868	1/1/1988	455612106_CCF
317.9966	25.2761	0.0315	77236.9057	83.8629	1/1/1989	455612106_CCF
262.4363	26.7725	0.0233	71965.918	109.227	1/1/1990	455612106_CCF
283.2397	30.3583	0.0315	79797.8807	108.5587	1/1/1991	455612106_CCF
323.7781	27.3585	0.0316	81625.3745	84.5356	1/1/1992	455612106_CCF
363.3012	35.8577	0.0314	77505.1925	101.0356	1/1/1993	455612106_CCF
217.2798	32.0031	0.0276	73294.1195	91.8662	1/1/1994	455612106_CCF
378.1827	86.7685	30.2509	110786.066	136.1831	1/1/1995	455612106_CCF
345.942	109.0224	137.2966	110179.8017	87.0042	1/1/1996	455612106_CCF
325.8843	57.0393	152.6841	106640.545	84.0216	1/1/1997	455612106_CCF
361.7179	66.7002	12.7601	99372.5645	100.4356	1/1/1998	455612106_CCF
326.5006	42.3914	46.4817	97701.3709	50.4138	1/1/1999	455612106_CCF
354.5694	33.5917	4.3116	81243.2708	64.2271	1/1/2000	455612106_CCF
160.0195	26.0298	0.1525	68110.4701	83.9729	1/1/2001	455612106_CCF
334.2632	31.9442	0.0342	86340.1735	79.0049	1/1/2002	455612106_CCF
331.9498	44.9806	0.0365	92212.9527	78.5467	1/1/2003	455612106_CCF
356.8029	39.7211	0.0333	89848.6402	91.9106	1/1/2004	455612106_CCF
269.4586	38.5559	0.0293	70968.7455	119.7433	1/1/2005	455612106_CCF
357.7923	76.5101	68.4007	106891.9375	97.4142	1/1/2006	455612106_CCF
307.6948	49.2031	16.9779	104579.2942	62.6367	1/1/2007	455612106_CCF
373.895	35.3033	13.4328	97573.7379	72.3124	1/1/2008	455612106_CCF
347.1476	44.3667	6.7783	89250.6733	80.3981	1/1/2009	455612106_CCF
383.9958	67.5335	1.1914	93238.4203	118.7164	1/1/2010	455612106_CCF
391.5794	12.6678	1.4328	109978.7477	93.4411	1/1/1981	476411993_CF
308.8527	4.7856	1.3906	72926.1963	80.7803	1/1/1982	476411993_CF
369.7314	15.795	0.7191	88306.1455	93.4204	1/1/1983	476411993_CF
400.0559	10.4749	0.0334	85677.2828	109.7421	1/1/1984	476411993_CF
143.6594	1.9613	0.029	62447.2843	42.5259	1/1/1985	476411993_CF
185.8555	5.9848	0.0276	70912.5343	45.0664	1/1/1986	476411993_CF
223.6991	3.2595	0.0294	66585.247	70.506	1/1/1987	476411993_CF
156.7089	1.9676	0.0234	58559.0485	72.5341	1/1/1988	476411993_CF
165.8562	3.382	0.0278	59857.5029	82.0494	1/1/1989	476411993_CF
187.7576	4.7995	0.0274	65953.6879	102.556	1/1/1990	476411993_CF
237.6469	3.9833	0.0284	63170.0872	104.9635	1/1/1991	476411993_CF
178.0938	5.3148	0.028	66302.4926	102.9231	1/1/1992	476411993_CF
282.6317	4.9338	0.0302	70280.7544	120.2516	1/1/1993	476411993_CF
171.3806	3.3385	0.0243	60608.8304	88.6096	1/1/1994	476411993_CF
279.3833	8.6111	0.0311	73224.9572	86.2086	1/1/1995	476411993_CF
217.5094	5.0944	0.0302	67708.6659	68.3853	1/1/1996	476411993_CF
268.879	8.0946	0.0316	73024.5828	90.7125	1/1/1997	476411993_CF
350.17	7.731	0.0321	75119.5167	112.5131	1/1/1998	476411993_CF
183.12	2.7659	0.0264	59884.1695	48.9432	1/1/1999	476411993_CF
160.1759	2.6022	0.0275	59216.5318	57.4321	1/1/2000	476411993_CF
163.6388	2.809	0.0257	58537.5846	67.901	1/1/2001	476411993_CF
124.0863	2.0875	0.0259	58386.3419	48.5225	1/1/2002	476411993_CF
190.5356	4.7431	0.0299	68350.5798	56.7724	1/1/2003	476411993_CF
144.0134	3.4356	0.0266	61719.7404	67.3821	1/1/2004	476411993_CF
208.2989	5.1336	0.0289	65450.345	99.5809	1/1/2005	476411993_CF
310.917	8.704	0.0269	78021.5667	96.3853	1/1/2006	476411993_CF
177.8095	2.8153	0.0288	60206.1665	68.6823	1/1/2007	476411993_CF
113.4992	1.4232	0.0268	58424.1399	40.4827	1/1/2008	476411993_CF
152.8868	2.599	0.0281	59850.607	63.0217	1/1/2009	476411993_CF
226.4553	6.0789	0.0291	67804.0398	110.3463	1/1/2010	476411993_CF
382.9261	121.4795	191.8717	60122.5537	133.9973	1/1/1981	460211823_CC
335.5578	131.9823	246.0994	60046.1409	132.3702	1/1/1982	460211823_CC
350.4948	130.6502	233.9279	59018.5104	145.0203	1/1/1983	460211823_CC
382.6748	141.9084	243.4205	60708.8024	120.54	1/1/1984	460211823_CC
292.5752	66.3135	115.8823	58706.0137	116.7948	1/1/1985	460211823_CC
307.0029	108.8033	197.6922	56328.7501	120.444	1/1/1986	460211823_CC
331.2464	59.7322	95.4966	49109.475	143.7538	1/1/1987	460211823_CC
389.494	87.2611	25.3437	52540.958	131.5875	1/1/1988	460211823_CC
313.37	97.7322	163.8161	57803.2165	114.538	1/1/1989	460211823_CC
344.3183	93.1924	149.1241	57442.15	120.3403	1/1/1990	460211823_CC
430.0772	112.0699	136.2832	56372.7814	138.0086	1/1/1991	460211823_CC
288.6845	82.2319	153.3485	59775.3281	119.5714	1/1/1992	460211823_CC
407.3848	89.4428	93.3219	61043.8354	138.337	1/1/1993	460211823_CC
296.134	109.1465	183.0395	53864.4763	127.6603	1/1/1994	460211823_CC
348.4816	150.0465	270.7375	62958.5436	126.9786	1/1/1995	460211823_CC
413.5914	153.8685	234.4224	57937.7041	101.4559	1/1/1996	460211823_CC
321.1787	115.0646	244.2843	58408.324	124.7858	1/1/1997	460211823_CC
316.3236	95.2339	134.384	54725.8087	129.6543	1/1/1998	460211823_CC
264.1872	94.3635	177.0459	55151.1971	95.219	1/1/1999	460211823_CC
339.1605	103.5958	188.2843	59434.4014	125.5456	1/1/2000	460211823_CC
300.8806	78.4453	93.6888	55748.23	132.4137	1/1/2001	460211823_CC
305.3005	70.874	113.9352	50764.1835	138.4775	1/1/2002	460211823_CC
307.4167	121.4833	147.2216	56770.3662	88.4024	1/1/2003	460211823_CC
359.2542	92.3773	158.2516	58130.2613	122.4498	1/1/2004	460211823_CC
368.6766	61.0727	41.1971	49972.4985	131.7315	1/1/2005	460211823_CC
331.9666	132.5347	203.5296	58382.9975	107.1464	1/1/2006	460211823_CC
302.5321	78.7215	116.294	55043.612	119.3291	1/1/2007	460211823_CC
366.7	87.0791	105.5363	56877.7863	116.4689	1/1/2008	460211823_CC
291.1797	104.9327	210.2175	57525.1096	116.4276	1/1/2009	460211823_CC
387.9137	107.6269	137.3678	57162.0827	127.5194	1/1/2010	460211823_CC
373.0026	20.0712	0.2735	92638.772	86.5799	1/1/1981	460611981_CF
179.5772	21.8544	0	73070.0394	94.4405	1/1/1982	460611981_CF
313.2138	30.5171	0	87392.872	98.3362	1/1/1983	460611981_CF
263.686	22.0765	0	78241.8769	106.9824	1/1/1984	460611981_CF
150.6926	9.2008	0	72415.7169	57.5711	1/1/1985	460611981_CF
214.3163	19.082	0	76038.2766	72.8177	1/1/1986	460611981_CF
178.9734	12.1755	0	67603.6482	65.3408	1/1/1987	460611981_CF
192.0776	13.0798	0	68320.1271	112.0824	1/1/1988	460611981_CF
176.5103	12.5971	0	67739.7782	79.6022	1/1/1989	460611981_CF
151.9165	12.6904	0	68773.107	83.1604	1/1/1990	460611981_CF
176.9083	14.2474	0	67278.148	107.8411	1/1/1991	460611981_CF
199.3358	15.3367	0	70827.8253	94.2568	1/1/1992	460611981_CF
201.4762	12.028	0	69810.8266	88.8057	1/1/1993	460611981_CF
150.8132	15.5464	0	68064.248	92.4718	1/1/1994	460611981_CF
291.0957	28.4825	0	78251.1052	131.1846	1/1/1995	460611981_CF
251.4615	24.8496	0	73621.7362	99.3748	1/1/1996	460611981_CF
262.2376	22.4965	0	85051.081	78.7925	1/1/1997	460611981_CF
241.3361	18.0579	0	72569.3596	87.9567	1/1/1998	460611981_CF
140.3689	9.7134	0	66477.3124	46.3004	1/1/1999	460611981_CF
195.4311	13.9685	0	67887.2404	77.6064	1/1/2000	460611981_CF
137.2382	12.7646	0	68031.3827	82.7313	1/1/2001	460611981_CF
151.1096	13.1822	0	67780.2164	72.2024	1/1/2002	460611981_CF
209.3063	16.2055	0	73524.7399	69.8587	1/1/2003	460611981_CF
219.935	17.3985	0	72102.2905	91.1748	1/1/2004	460611981_CF
167.2994	15.8104	0	66504.9881	86.3809	1/1/2005	460611981_CF
273.4912	23.2665	0	77670.4099	117.5405	1/1/2006	460611981_CF
200.1705	14.4386	0	69955.3953	82.6129	1/1/2007	460611981_CF
162.1076	7.4544	0	66643.9215	66.7423	1/1/2008	460611981_CF
172.7419	13.8173	0	68599.7005	68.5051	1/1/2009	460611981_CF
210.958	27.0803	0	72920.1926	112.4456	1/1/2010	460611981_CF
379.1031	25.5218	28.4023	95877.8311	84.6499	1/1/1981	456411997_CF
201.4218	20.8838	2.8289	69670.3176	91.9307	1/1/1982	456411997_CF
336.0381	26.3312	0.0322	80569.1152	96.271	1/1/1983	456411997_CF
230.2004	18.1735	0.0233	66256.5833	105.4709	1/1/1984	456411997_CF
158.1489	8.759	0.0252	66937.264	59.415	1/1/1985	456411997_CF
236.1951	18.5127	0.0292	68974.5811	75.5755	1/1/1986	456411997_CF
163.422	10.7362	0.0249	61542.2979	56.4642	1/1/1987	456411997_CF
220.5012	14.6007	0.021	63702.512	112.8248	1/1/1988	456411997_CF
188.2625	12.0256	0.0227	62336.4898	77.3892	1/1/1989	456411997_CF
171.1825	11.5226	0.0201	63422.9233	86.2808	1/1/1990	456411997_CF
170.0353	12.6193	0.0255	61722.329	105.398	1/1/1991	456411997_CF
189.7953	14.1289	0.0271	66197.6255	89.5034	1/1/1992	456411997_CF
222.9185	12.1992	0.0283	65180.5366	96.9689	1/1/1993	456411997_CF
159.5519	13.4368	0.0295	63347.9603	87.096	1/1/1994	456411997_CF
292.3112	22.3104	0.0297	67745.864	127.873	1/1/1995	456411997_CF
221.6721	24.9329	0.0264	65440.9967	103.5034	1/1/1996	456411997_CF
304.6165	21.6754	0.0269	82229.9963	81.1226	1/1/1997	456411997_CF
240.1619	17.4036	0.0258	64998.0536	90.7149	1/1/1998	456411997_CF
141.9135	7.4188	0.0205	61053.3584	42.3167	1/1/1999	456411997_CF
181.9532	13.2915	0.0278	62838.6957	66.3155	1/1/2000	456411997_CF
156.6585	10.4117	0.0261	62300.7239	83.5499	1/1/2001	456411997_CF
131.6472	10.04	0.0267	60575.0629	71.5797	1/1/2002	456411997_CF
202.4185	14.8658	0.0236	65726.3615	64.1271	1/1/2003	456411997_CF
216.9321	12.7369	0.0288	64341.2415	88.8513	1/1/2004	456411997_CF
142.0584	13.4194	0.0204	60752.958	85.5644	1/1/2005	456411997_CF
283.8809	20.9035	0.0314	70832.7289	116.9837	1/1/2006	456411997_CF
204.595	13.6879	0.0217	64052.7393	84.5558	1/1/2007	456411997_CF
166.6776	8.8792	0.021	61439.7709	61.9147	1/1/2008	456411997_CF
171.8794	10.9953	0.0235	62554.5781	68.6511	1/1/2009	456411997_CF
208.7229	22.2786	0.0255	65583.4521	121.3319	1/1/2010	456411997_CF
440.5411	104.6173	55.9197	184923.2094	132.8585	1/1/1981	461411652_CC
474.6566	99.3064	59.1789	186334.9199	122.3608	1/1/1982	461411652_CC
403.7727	97.2204	62.8454	185135.2958	118.2942	1/1/1983	461411652_CC
418.3539	114.3	69.5033	185638.382	107.3617	1/1/1984	461411652_CC
403.2766	81.3381	67.4457	184624.6403	92.7069	1/1/1985	461411652_CC
407.2078	113.9984	70.8165	187853.541	120.1541	1/1/1986	461411652_CC
500.7175	56.9085	69.8416	165606.7044	147.8625	1/1/1987	461411652_CC
468.7432	70.7902	63.4631	151690.5668	141.7768	1/1/1988	461411652_CC
436.5298	84.5097	57.5676	168565.3377	128.1483	1/1/1989	461411652_CC
480.1312	101.1556	52.9237	183314.7792	128.7402	1/1/1990	461411652_CC
419.4886	84.8106	54.9551	178853.6332	124.7489	1/1/1991	461411652_CC
411.427	56.61	53.176	156420.2591	157.518	1/1/1992	461411652_CC
383.8376	106.709	51.5329	185298.0403	116.9723	1/1/1993	461411652_CC
454.2678	64.4373	52.5977	167393.6815	138.9536	1/1/1994	461411652_CC
415.6884	129.0392	51.5242	180502.0345	124.7154	1/1/1995	461411652_CC
398.5734	117.9901	68.195	180928.9718	95.8697	1/1/1996	461411652_CC
416.1227	166.7631	72.299	207149.7114	114.6955	1/1/1997	461411652_CC
441.4844	145.5716	72.635	209977.178	131.1356	1/1/1998	461411652_CC
418.6974	90.2904	72.635	204043.6035	102.0711	1/1/1999	461411652_CC
419.0159	98.9066	72.834	187598.2706	119.1662	1/1/2000	461411652_CC
405.486	71.902	71.7398	172491.4324	128.3424	1/1/2001	461411652_CC
419.4267	64.0614	66.1227	168758.2545	124.693	1/1/2002	461411652_CC
398.5076	91.9037	67.1431	170215.9961	102.5355	1/1/2003	461411652_CC
463.0993	92.6243	63.6976	170927.8164	139.9002	1/1/2004	461411652_CC
399.1772	84.675	60.8041	172262.9453	135.36	1/1/2005	461411652_CC
407.976	82.3485	59.3423	171424.9269	109.1906	1/1/2006	461411652_CC
402.6438	50.56	55.6973	162152.1811	109.5457	1/1/2007	461411652_CC
440.2372	55.0529	51.283	155457.112	93.6383	1/1/2008	461411652_CC
419.4072	80.286	50.3545	173878.505	102.6565	1/1/2009	461411652_CC
428.9011	99.1363	49.6887	180739.0862	121.5676	1/1/2010	461411652_CC
431.7823	41.7969	122.3766	138297.508	131.8112	1/1/1981	463911781_CC
415.4808	50.3746	138.0328	131286.7676	127.6564	1/1/1982	463911781_CC
426.2897	45.7701	143.77	133206.1997	143.6273	1/1/1983	463911781_CC
426.4976	50.9115	146.1806	144024.9964	114.0136	1/1/1984	463911781_CC
386.3986	30.9123	144.9317	130292.9623	106.0897	1/1/1985	463911781_CC
382.6654	45.9119	145.1618	129903.0017	121.0777	1/1/1986	463911781_CC
448.6954	21.5814	139.2837	112251.2151	154.5386	1/1/1987	463911781_CC
439.6273	28.0819	119.9872	107265.4595	138.2211	1/1/1988	463911781_CC
399.4433	37.3661	111.3051	125627.8523	113.7163	1/1/1989	463911781_CC
417.534	36.7418	102.23	132208.4929	118.9782	1/1/1990	463911781_CC
432.0488	41.9402	103.4022	135911.7547	132.5005	1/1/1991	463911781_CC
405.7221	26.4086	98.1582	125218.7074	123.7602	1/1/1992	463911781_CC
428.6664	37.1227	97.3702	132781.5113	137.2036	1/1/1993	463911781_CC
411.6432	35.9836	88.8614	121485.0249	131.355	1/1/1994	463911781_CC
435.9485	51.4935	104.4383	138837.9678	129.7337	1/1/1995	463911781_CC
437.4765	70.3933	138.5748	136663.7637	105.3437	1/1/1996	463911781_CC
421.1486	65.2872	146.2259	164880.2434	132.878	1/1/1997	463911781_CC
440.4417	47.5162	146.1594	141036.0379	138.4072	1/1/1998	463911781_CC
374.4391	45.3866	146.2067	144058.4203	104.3852	1/1/1999	463911781_CC
450.834	41.2505	146.4191	137528.671	123.0334	1/1/2000	463911781_CC
417.7758	32.8062	140.7538	124465.6841	133.9391	1/1/2001	463911781_CC
407.5735	27.592	134.6897	117866.5022	134.0666	1/1/2002	463911781_CC
383.4088	37.6334	130.4751	120459.7307	93.5759	1/1/2003	463911781_CC
434.7345	33.5979	120.3706	123810.9103	125.4463	1/1/2004	463911781_CC
435.2732	25.715	97.6336	111475.0728	136.2364	1/1/2005	463911781_CC
382.047	45.7661	103.0958	129438.6154	99.9459	1/1/2006	463911781_CC
411.739	28.3672	109.8521	120499.941	121.5498	1/1/2007	463911781_CC
440.4776	31.9514	99.2714	125793.3485	111.307	1/1/2008	463911781_CC
396.3528	54.5078	127.2353	130365.3648	126.7992	1/1/2009	463911781_CC
462.9139	45.2238	122.2769	137888.0717	126.8691	1/1/2010	463911781_CC
458.1316	75.6396	56.3362	131487.4593	135.7634	1/1/1981	464711710_CC
413.064	90.2393	68.7003	131245.4064	118.566	1/1/1982	464711710_CC
423.7302	89.8207	72.3196	145028.4281	134.8241	1/1/1983	464711710_CC
427.9857	109.1511	72.834	161834.5803	111.3592	1/1/1984	464711710_CC
409.2066	63.2206	72.635	146305.8277	95.6748	1/1/1985	464711710_CC
397.3728	95.1326	72.635	149806.6681	120.9583	1/1/1986	464711710_CC
438.2925	49.5638	72.635	123829.1046	148.5029	1/1/1987	464711710_CC
431.9648	50.4937	68.2061	109744.0206	145.8335	1/1/1988	464711710_CC
425.5057	67.9585	63.9053	126506.232	122.492	1/1/1989	464711710_CC
437.0981	76.9827	64.9463	134313.5234	116.4281	1/1/1990	464711710_CC
446.4989	68.5703	67.8253	129779.4761	126.742	1/1/1991	464711710_CC
428.5508	45.3992	62.2456	119207.0247	138.2216	1/1/1992	464711710_CC
445.4142	65.022	59.7721	126218.3311	140.2046	1/1/1993	464711710_CC
435.3043	53.8026	55.9495	112042.5831	137.9466	1/1/1994	464711710_CC
432.2446	95.8292	57.5633	137982.3413	129.8051	1/1/1995	464711710_CC
426.9267	153.5786	72.1189	160106.1619	102.4539	1/1/1996	464711710_CC
470.9294	169.5267	72.635	196019.5293	133.0265	1/1/1997	464711710_CC
459.7132	129.8894	72.635	172727.3874	135.3527	1/1/1998	464711710_CC
435.7012	123.6854	72.635	180272.858	105.042	1/1/1999	464711710_CC
468.5049	97.8007	72.834	164209.5993	114.6583	1/1/2000	464711710_CC
451.7656	53.2487	72.5922	125311.0965	131.8685	1/1/2001	464711710_CC
434.2291	54.393	70.614	120611.8807	124.5351	1/1/2002	464711710_CC
404.4335	74.3172	71.5059	124034.0519	101.2472	1/1/2003	464711710_CC
436.9898	68.6885	68.4577	127903.7679	129.2616	1/1/2004	464711710_CC
444.4832	56.8226	61.6579	122133.1161	133.8945	1/1/2005	464711710_CC
408.5752	77.5985	63.6746	128271.6934	107.2011	1/1/2006	464711710_CC
414.7923	48.9929	67.6487	118121.3433	112.5972	1/1/2007	464711710_CC
418.4608	62.0318	64.6448	126188.0618	103.209	1/1/2008	464711710_CC
394.2814	93.6407	71.7843	137730.0333	122.0386	1/1/2009	464711710_CC
462.0832	82.4008	71.9147	134747.4205	121.4279	1/1/2010	464711710_CC
466.8285	81.3749	53.6695	153094.3176	138.9446	1/1/1981	469711710_CC
419.5676	98.2883	61.8698	150322.433	112.5817	1/1/1982	469711710_CC
444.1616	92.62	70.2804	154660.5417	148.6096	1/1/1983	469711710_CC
453.8592	95.7312	72.4251	163605.9583	123.7063	1/1/1984	469711710_CC
407.2598	57.3544	71.6849	149688.5709	94.7119	1/1/1985	469711710_CC
437.4677	81.1564	71.5071	149680.6414	124.6169	1/1/1986	469711710_CC
443.5966	46.9437	66.5367	134465.7557	143.2827	1/1/1987	469711710_CC
451.5944	58.4152	60.5975	133253.0098	151.5132	1/1/1988	469711710_CC
415.9357	74.0191	56.5544	147499.8658	115.1349	1/1/1989	469711710_CC
478.9893	85.5444	56.8863	157016.5255	119.2993	1/1/1990	469711710_CC
439.2906	77.7588	60.8091	149687.1369	137.0647	1/1/1991	469711710_CC
419.4866	50.8095	57.7707	138805.2224	130.2323	1/1/1992	469711710_CC
466.615	72.7587	55.053	147489.9309	136.3383	1/1/1993	469711710_CC
442.1336	57.0614	51.6186	134137.4848	121.9946	1/1/1994	469711710_CC
426.7482	99.7964	52.8419	156637.9573	133.5837	1/1/1995	469711710_CC
450.3246	143.815	69.8286	158863.253	108.9323	1/1/1996	469711710_CC
482.4612	139.8657	72.609	196707.3736	135.3202	1/1/1997	469711710_CC
470.2128	114.3269	72.635	172734.2065	125.9653	1/1/1998	469711710_CC
404.2419	111.523	72.635	185417.0233	100.8333	1/1/1999	469711710_CC
480.925	95.6132	72.834	172183.5626	122.5577	1/1/2000	469711710_CC
441.0607	55.0542	70.9769	137743.1215	125.7106	1/1/2001	469711710_CC
426.0495	57.0849	66.2796	142981.6123	115.4566	1/1/2002	469711710_CC
392.7821	78.636	68.5366	142799.6152	105.1704	1/1/2003	469711710_CC
449.5141	73.1835	64.3746	146757.2928	134.6706	1/1/2004	469711710_CC
447.3946	65.2036	58.9985	143533.7179	137.1779	1/1/2005	469711710_CC
411.9743	86.5428	61.7722	149550.9748	101.503	1/1/2006	469711710_CC
431.4594	51.5601	62.9806	140877.085	110.7774	1/1/2007	469711710_CC
441.3661	58.4346	59.2309	142707.1943	104.9974	1/1/2008	469711710_CC
435.6183	83.7552	62.0246	148531.0114	126.9814	1/1/2009	469711710_CC
476.6526	74.4247	59.5453	144093.2005	128.3432	1/1/2010	469711710_CC
428.9224	45.2798	38.6175	119151.4833	137.8898	1/1/1981	468511764_CCF
411.1859	55.2663	36.4536	115359.3143	105.1035	1/1/1982	468511764_CCF
411.305	53.4244	35.9022	118327.925	139.7741	1/1/1983	468511764_CCF
417.0661	50.6599	34.6316	118165.3783	123.364	1/1/1984	468511764_CCF
353.8169	28.7708	31.9704	103315.6916	87.6725	1/1/1985	468511764_CCF
377.2473	34.6587	28.7236	102388.5136	107.0609	1/1/1986	468511764_CCF
378.4308	19.8913	22.4593	86816.257	122.8417	1/1/1987	468511764_CCF
341.4001	23.1857	6.7902	82190.5869	139.9745	1/1/1988	468511764_CCF
340.063	31.1419	0.0065	95825.627	107.1845	1/1/1989	468511764_CCF
356.3676	29.3316	0	96072.7366	121.2962	1/1/1990	468511764_CCF
389.6141	31.8452	0.0094	97289.8444	139.4293	1/1/1991	468511764_CCF
296.6198	22.5206	0	91280.6693	100.2575	1/1/1992	468511764_CCF
384.5116	32.0753	0.0069	98878.5204	131.2621	1/1/1993	468511764_CCF
298.2986	28.6247	0	89939.4734	117.3318	1/1/1994	468511764_CCF
397.5573	52.1779	4.912	117808.9988	135.7593	1/1/1995	468511764_CCF
424.6681	77.0609	18.7985	123278.472	106.6424	1/1/1996	468511764_CCF
402.1779	50.3207	29.7455	119426.6592	130.909	1/1/1997	468511764_CCF
402.1313	39.3817	28.9153	98366.5287	124.0551	1/1/1998	468511764_CCF
358.7854	36.3751	26.563	106127.415	93.1668	1/1/1999	468511764_CCF
420.2595	33.7589	24.2128	100089.5793	119.2313	1/1/2000	468511764_CCF
357.7807	27.7601	11.3269	89670.3954	120.2687	1/1/2001	468511764_CCF
346.9667	24.0958	0.0091	95773.1715	93.3352	1/1/2002	468511764_CCF
363.0403	33.9326	0.0077	93856.7098	90.6496	1/1/2003	468511764_CCF
333.622	28.062	0	93421.794	123.483	1/1/2004	468511764_CCF
338.0796	25.7302	0	87083.6208	136.4344	1/1/2005	468511764_CCF
390.449	45.3271	0.0344	109308.0955	106.4463	1/1/2006	468511764_CCF
388.3176	26.4174	0.0311	99897.886	107.6362	1/1/2007	468511764_CCF
335.0064	21.8121	0	91750.4893	96.3165	1/1/2008	468511764_CCF
373.528	49.4056	5.3732	111106.9296	110.044	1/1/2009	468511764_CCF
423.531	37.0811	4.0163	97339.1416	135.3903	1/1/2010	468511764_CCF
386.7396	24.1357	12.99	94087.6597	97.3491	1/1/1981	468511889_CF
200.6467	15.7531	3.4978	61832.226	90.8191	1/1/1982	468511889_CF
307.284	31.3643	0.0979	77841.1746	96.358	1/1/1983	468511889_CF
289.0418	22.6458	0.088	70615.3164	114.776	1/1/1984	468511889_CF
146.9233	9.1292	0.082	61337.2621	50.4252	1/1/1985	468511889_CF
230.4071	17.5784	0.0891	65698.368	70.3324	1/1/1986	468511889_CF
165.9053	12.5525	0.0807	56957.7716	81.6935	1/1/1987	468511889_CF
181.4965	11.57	0.072	58539.5924	97.3028	1/1/1988	468511889_CF
215.3839	12.0613	0.0754	57404.5357	89.1069	1/1/1989	468511889_CF
126.0325	13.075	0.0672	61598.1599	82.2304	1/1/1990	468511889_CF
235.8826	15.0367	0.0831	63956.2183	104.2708	1/1/1991	468511889_CF
173.0881	15.1871	0.0838	64255.3397	84.2107	1/1/1992	468511889_CF
262.0789	14.87	0.0922	67565.0865	101.4999	1/1/1993	468511889_CF
147.1163	15.6526	0.0766	58837.6029	86.7207	1/1/1994	468511889_CF
278.8144	25.0548	0.0958	74712.2342	109.3436	1/1/1995	468511889_CF
265.9776	26.6118	0.087	71571.8932	87.6119	1/1/1996	468511889_CF
285.5421	27.4471	0.092	80823.4082	84.728	1/1/1997	468511889_CF
231.0504	15.6244	0.0869	64332.1032	80.0372	1/1/1998	468511889_CF
164.9341	9.8619	0.0699	56954.8958	56.4907	1/1/1999	468511889_CF
190.3163	12.6687	0.0796	57546.0803	97.3494	1/1/2000	468511889_CF
181.6458	15.0879	0.0809	59992.0689	82.3891	1/1/2001	468511889_CF
175.9788	10.108	0.0753	61313.467	74.4979	1/1/2002	468511889_CF
198.0316	14.3776	0.0811	63745.2639	68.5339	1/1/2003	468511889_CF
188.8449	11.8921	0.0766	58816.616	81.5199	1/1/2004	468511889_CF
155.5177	13.6467	0.0745	56543.1971	97.2215	1/1/2005	468511889_CF
254.9871	19.9787	0.0692	67544.8908	110.8264	1/1/2006	468511889_CF
208.672	11.2476	0.0774	61907.9139	77.7934	1/1/2007	468511889_CF
125.9377	5.2687	0.0611	55615.5288	56.873	1/1/2008	468511889_CF
185.4343	14.6393	0.0816	59682.781	79.0757	1/1/2009	468511889_CF
226.2745	20.4512	0.0761	64013.3077	122.8755	1/1/2010	468511889_CF
433.1592	41.5349	37.0276	117358.0459	141.0135	1/1/1981	471411785_CCF
413.0543	39.4701	34.7439	103334.4669	101.4075	1/1/1982	471411785_CCF
415.9967	50.2045	31.6255	116956.7199	137.9197	1/1/1983	471411785_CCF
440.3604	44.7442	29.3438	115763.8712	129.0685	1/1/1984	471411785_CCF
336.5925	22.7011	25.8052	96252.0983	79.1877	1/1/1985	471411785_CCF
377.9319	32.7516	21.5574	102325.2716	99.8621	1/1/1986	471411785_CCF
334.4196	20.6096	8.2889	86711.4699	116.7556	1/1/1987	471411785_CCF
316.6904	24.2526	0	87849.8791	123.7823	1/1/1988	471411785_CCF
340.5657	27.387	0.0052	95784.672	109.9568	1/1/1989	471411785_CCF
343.937	28.1446	0	97839.3706	118.1873	1/1/1990	471411785_CCF
377.7393	31.1882	0.0098	99828.1289	135.4375	1/1/1991	471411785_CCF
293.9105	22.1774	0	92374.0486	100.3831	1/1/1992	471411785_CCF
368.2087	25.8973	0	96272.2925	122.865	1/1/1993	471411785_CCF
299.8766	25.5946	0	89458.4046	117.4446	1/1/1994	471411785_CCF
396.6551	50.0096	0.5245	117488.462	128.6871	1/1/1995	471411785_CCF
431.0933	59.0837	16.243	121506.3782	113.3587	1/1/1996	471411785_CCF
396.5729	58.7979	25.4786	121817.9661	121.802	1/1/1997	471411785_CCF
411.2746	38.2941	24.8436	99446.3799	114.8324	1/1/1998	471411785_CCF
362.3248	35.4525	22.3442	108401.592	92.9338	1/1/1999	471411785_CCF
431.7038	28.7671	18.9097	97501.3373	127.1533	1/1/2000	471411785_CCF
297.0231	25.1462	2.0818	86993.1453	110.4253	1/1/2001	471411785_CCF
323.212	18.9575	0.0069	94542.8743	90.9743	1/1/2002	471411785_CCF
343.1026	31.0068	0.0086	95748.1822	90.4132	1/1/2003	471411785_CCF
311.6545	26.4996	0	91962.1588	116.3608	1/1/2004	471411785_CCF
334.0513	27.0115	0	90503.4548	131.8546	1/1/2005	471411785_CCF
392.1612	44.6412	0.6013	114054.8911	104.8765	1/1/2006	471411785_CCF
367.112	23.5369	2.4879	97800.8305	98.3377	1/1/2007	471411785_CCF
309.5444	18.8711	0	89534.9389	83.6217	1/1/2008	471411785_CCF
367.751	41.915	0.0303	107238.2435	100.9078	1/1/2009	471411785_CCF
405.5006	34.6656	0.017	98844.1137	138.5411	1/1/2010	471411785_CCF
370.9932	10.3989	1.551	108206.2036	99.0259	1/1/1981	473911972_CF
270.7552	5.6778	1.4375	79502.3884	92.5018	1/1/1982	473911972_CF
334.9503	15.8728	0.6261	100252.8235	86.0336	1/1/1983	473911972_CF
348.2337	9.6565	0	93251.0146	123.6386	1/1/1984	473911972_CF
169.0537	3.4273	0	79269.9461	45.9295	1/1/1985	473911972_CF
189.1075	7.0136	0	82520.7183	48.9686	1/1/1986	473911972_CF
227.7999	5.9774	0	82413.2533	71.2213	1/1/1987	473911972_CF
167.4873	3.8476	0	72944.4854	78.9661	1/1/1988	473911972_CF
201.2906	4.8025	0	73795.4634	94.0821	1/1/1989	473911972_CF
160.7248	5.8337	0	79512.2382	102.0238	1/1/1990	473911972_CF
242.7344	5.7858	0	80272.9001	112.9865	1/1/1991	473911972_CF
198.2344	6.453	0	79609.1159	115.0844	1/1/1992	473911972_CF
261.0301	6.3291	0	83569.6609	107.872	1/1/1993	473911972_CF
182.5265	5.5063	0	75375.1219	90.6508	1/1/1994	473911972_CF
264.9956	11.1195	0	90259.4478	98.9407	1/1/1995	473911972_CF
266.1312	7.6335	0	89075.0215	80.4768	1/1/1996	473911972_CF
289.462	10.614	0	89400.2049	91.2342	1/1/1997	473911972_CF
307.8507	7.9218	0	87433.493	116.4613	1/1/1998	473911972_CF
205.152	5.6356	0	78924.2261	58.7602	1/1/1999	473911972_CF
175.3918	3.6748	0	71905.1068	74.9329	1/1/2000	473911972_CF
153.4218	4.5126	0	73234.9815	68.9092	1/1/2001	473911972_CF
155.3905	3.3061	0	76745.1646	61.3111	1/1/2002	473911972_CF
201.8848	6.2232	0	83875.0842	60.8371	1/1/2003	473911972_CF
153.0765	4.6368	0	75984.905	76.0607	1/1/2004	473911972_CF
203.4406	7.8494	0	76744.1697	106.4818	1/1/2005	473911972_CF
311.9613	8.3719	0	90860.3741	105.4094	1/1/2006	473911972_CF
186.8114	4.0284	0	73637.8866	75.3664	1/1/2007	473911972_CF
125.352	2.0204	0	72161	47.4166	1/1/2008	473911972_CF
144.9469	3.0745	0	72693.6969	61.8974	1/1/2009	473911972_CF
228.5363	8.453	0	79636.1312	125.7732	1/1/2010	473911972_CF
435.1909	45.1922	34.0055	106872.8087	135.6555	1/1/1981	453911731_CCF
449.8388	32.8892	32.8798	95792.8871	130.952	1/1/1982	453911731_CCF
434.5981	36.35	29.2806	100447.2285	126.5227	1/1/1983	453911731_CCF
436.7562	40.3423	26.4644	101789.3646	109.9498	1/1/1984	453911731_CCF
385.2411	24.5019	23.0506	99272.2748	97.6144	1/1/1985	453911731_CCF
411.1426	29.6341	19.2294	94895.9271	115.9569	1/1/1986	453911731_CCF
384.18	17.3525	5.3299	78631.3704	137.9906	1/1/1987	453911731_CCF
334.4015	15.8474	0	66248.3069	138.5061	1/1/1988	453911731_CCF
282.2331	26.3367	0	86188.1985	122.7602	1/1/1989	453911731_CCF
423.3717	35.5403	8.6657	102096.3517	121.593	1/1/1990	453911731_CCF
403.2012	28.4617	1.5852	84625.0755	118.6415	1/1/1991	453911731_CCF
294.8996	15.8492	0.3307	69407.9382	157.8869	1/1/1992	453911731_CCF
417.1358	29.9658	0	85395.884	112.9149	1/1/1993	453911731_CCF
375.3355	16.8384	0	76562.1353	138.3801	1/1/1994	453911731_CCF
410.2396	35.7968	0	85115.7727	124.1141	1/1/1995	453911731_CCF
444.2721	31.2948	0	91185.2644	100.8422	1/1/1996	453911731_CCF
389.0059	27.3906	0	88299.3772	136.6416	1/1/1997	453911731_CCF
460.8474	42.6259	0	94776.31	136.0602	1/1/1998	453911731_CCF
337.5169	19.6962	0	91300.2914	88.631	1/1/1999	453911731_CCF
336.7946	20.0508	0	81486.4258	118.191	1/1/2000	453911731_CCF
318.083	18.001	0	81663.6971	101.4897	1/1/2001	453911731_CCF
290.0185	17.3506	0	78997.7997	103.8454	1/1/2002	453911731_CCF
385.7004	29.2265	0	86561.797	98.4872	1/1/2003	453911731_CCF
333.49	21.0401	0	77758.656	140.6572	1/1/2004	453911731_CCF
418.3009	29.1377	0	86775.5828	134.1652	1/1/2005	453911731_CCF
327.0416	22.1294	0	79028.6843	109.7692	1/1/2006	453911731_CCF
288.57	14.899	0	76882.2882	103.4416	1/1/2007	453911731_CCF
350.8423	19.2575	0	80463.4139	96.1437	1/1/2008	453911731_CCF
364.2111	30.6673	0	88841.5543	108.5699	1/1/2009	453911731_CCF
455.1024	35.4381	0	95907.1854	118.5318	1/1/2010	453911731_CCF
